ImageName;cameraToVehicleDistance(m);semanticName;semanticId;instanceId;ellipseRotationMatrixR11;ellipseRotationMatrixR12;ellipseRotationMatrixR21;ellipseRotationMatrixR22;a_axis(Semi-Major px);b_axis(Semi-Minor px);ellipseCenterX(px);ellipseCenterY(px);ellipsoidRadiusX;ellipsoidRadiusY;ellipsoidRadiusZ;ellipsoidR_ell2w_11;ellipsoidR_ell2w_12;ellipsoidR_ell2w_13;ellipsoidR_ell2w_21;ellipsoidR_ell2w_22;ellipsoidR_ell2w_23;ellipsoidR_ell2w_31;ellipsoidR_ell2w_32;ellipsoidR_ell2w_33;ellipsoidCenterX;ellipsoidCenterY;ellipsoidCenterZ;cameraIntrinsic_11;cameraIntrinsic_12;cameraIntrinsic_13;cameraIntrinsic_21;cameraIntrinsic_22;cameraIntrinsic_23;cameraIntrinsic_31;cameraIntrinsic_32;cameraIntrinsic_33;cameraR_cam2w_11;cameraR_cam2w_12;cameraR_cam2w_13;cameraR_cam2w_21;cameraR_cam2w_22;cameraR_cam2w_23;cameraR_cam2w_31;cameraR_cam2w_32;cameraR_cam2w_33;cameraTranslationX;cameraTranslationY;cameraTranslationZ
0000008479.png;36.004680270630764;building;11;269;-0.997389755185888;-0.072205790974834;0.072205790974375;-0.997389755185854;236.658498764552689;118.172114354665354;1122.862188864255813;121.587772236355278;9.972861830477319;7.934608695636085;5.787280354033762;0.884200688819350;0.467085534780747;0.004499454408102;-0.467102916813312;0.884192827684395;0.004231852545890;-0.002001748206626;-0.005843515214151;0.999980922985063;-2605.356450000000223;-9.437198640000000;119.602310000000003;552.554260999999997;0.000000000000000;682.049452999999971;0.000000000000000;552.554260999999997;238.769549000000012;0.000000000000000;0.000000000000000;1.000000000000000;-0.902959000000000;0.038697530000000;-0.427983000000000;0.429706000000000;0.091639360000000;-0.898307000000000;0.004458000000000;-0.995040300000000;-0.099374000000000;-2573.867000000000189;7.771065000000000;116.665099999999995
0000008479.png;35.695573964263296;building;11;270;-0.998498670962477;0.054775944412573;-0.054775944411454;-0.998498670962416;171.771519064156507;90.482718510160282;458.724220198942589;133.485562754422176;9.158642948453988;9.237333455425143;5.082285077365951;0.884108360331165;0.467259947561951;0.004533056026827;-0.467278126690806;0.884098720538062;0.004539235540474;-0.001886666072832;-0.006131374019246;0.999979423160180;-2577.116210000000137;-27.679513900000000;119.286758000000006;552.554260999999997;0.000000000000000;682.049452999999971;0.000000000000000;552.554260999999997;238.769549000000012;0.000000000000000;0.000000000000000;1.000000000000000;-0.902959000000000;0.038697530000000;-0.427983000000000;0.429706000000000;0.091639360000000;-0.898307000000000;0.004458000000000;-0.995040300000000;-0.099374000000000;-2573.867000000000189;7.771065000000000;116.665099999999995
0000008479.png;61.212836780060364;building;11;271;-0.999409157480678;0.034370567982486;-0.034370567987170;-0.999409157480839;88.007185285168589;55.342041699788979;576.250831900238495;151.137206961866980;9.089783536801878;10.462225017819220;5.785060609383653;-0.883149045025176;-0.469049280025980;0.006366881358177;0.469083489472096;-0.883134829925953;0.005792415414914;0.002905886405436;0.008102165066619;0.999962954686538;-2589.735599999999977;-51.258373300000002;119.939903000000001;552.554260999999997;0.000000000000000;682.049452999999971;0.000000000000000;552.554260999999997;238.769549000000012;0.000000000000000;0.000000000000000;1.000000000000000;-0.902959000000000;0.038697530000000;-0.427983000000000;0.429706000000000;0.091639360000000;-0.898307000000000;0.004458000000000;-0.995040300000000;-0.099374000000000;-2573.867000000000189;7.771065000000000;116.665099999999995
0000008479.png;64.034824024006753;building;11;272;-0.996457600188602;-0.084096676662911;0.084096676666629;-0.996457600188916;86.079675062935394;58.452940433278798;910.960734385905084;154.692164279134005;7.866949302039838;11.209226852096039;6.060470012022901;0.887714491585968;0.460350349456320;0.006366881788581;-0.460384696907530;0.887700613258031;0.005792415271482;-0.002985344473842;-0.008073225920260;0.999962954684629;-2620.683109999999942;-35.813980100000002;119.674149000000000;552.554260999999997;0.000000000000000;682.049452999999971;0.000000000000000;552.554260999999997;238.769549000000012;0.000000000000000;0.000000000000000;1.000000000000000;-0.902959000000000;0.038697530000000;-0.427983000000000;0.429706000000000;0.091639360000000;-0.898307000000000;0.004458000000000;-0.995040300000000;-0.099374000000000;-2573.867000000000189;7.771065000000000;116.665099999999995
0000008479.png;10.237448194728538;car;26;553;-0.985305711132733;-0.170800045272929;0.170800045694432;-0.985305711205799;69.658497974875672;48.843565257107514;558.495353832578303;238.571465333259908;2.471528238712625;1.059987340185341;0.840719603913114;-0.457807302088592;0.889049232544853;0.001984002463032;-0.889046694099336;-0.457811011538692;0.002247982420302;0.002906865220040;-0.000734728063862;0.999995505144531;-2576.270750000000135;-2.134980920000000;115.717690000000005;552.554260999999997;0.000000000000000;682.049452999999971;0.000000000000000;552.554260999999997;238.769549000000012;0.000000000000000;0.000000000000000;1.000000000000000;-0.902959000000000;0.038697530000000;-0.427983000000000;0.429706000000000;0.091639360000000;-0.898307000000000;0.004458000000000;-0.995040300000000;-0.099374000000000;-2573.867000000000189;7.771065000000000;116.665099999999995
0000008479.png;16.319735847308454;car;26;554;-0.987445724056013;-0.157958672478534;0.157958671947748;-0.987445723971105;37.813845771431602;32.328711729941375;620.462240010304299;218.050855760361429;2.625151303555702;1.031177955323788;0.926231011228233;-0.457898448891115;0.889000592092874;0.002637756931435;-0.888996834903169;-0.457904807970677;0.002795419375526;0.003692971061153;-0.001064939367236;0.999992613907166;-2579.251220000000103;-7.602941040000000;115.673186999999999;552.554260999999997;0.000000000000000;682.049452999999971;0.000000000000000;552.554260999999997;238.769549000000012;0.000000000000000;0.000000000000000;1.000000000000000;-0.902959000000000;0.038697530000000;-0.427983000000000;0.429706000000000;0.091639360000000;-0.898307000000000;0.004458000000000;-0.995040300000000;-0.099374000000000;-2573.867000000000189;7.771065000000000;116.665099999999995
0000008479.png;10.040955536787703;car;26;555;-0.973289961231098;0.229579292468293;-0.229579292112264;-0.973289961147118;69.106535703897748;49.167189298132314;897.912503378202359;245.381142871216412;2.079458294558862;0.860736046568124;0.809620921846016;-0.457823214099910;0.889041353486374;0.001837504379469;-0.889038921741985;-0.457826457240090;0.002175012376144;0.002774934066952;-0.000637841755466;0.999995946441194;-2581.059330000000045;0.834348738000000;115.678618999999998;552.554260999999997;0.000000000000000;682.049452999999971;0.000000000000000;552.554260999999997;238.769549000000012;0.000000000000000;0.000000000000000;1.000000000000000;-0.902959000000000;0.038697530000000;-0.427983000000000;0.429706000000000;0.091639360000000;-0.898307000000000;0.004458000000000;-0.995040300000000;-0.099374000000000;-2573.867000000000189;7.771065000000000;116.665099999999995
0000008479.png;15.944619611662421;car;26;556;-0.999112599566491;0.042119037549282;-0.042119038302031;-0.999112599598225;59.441506076567975;54.414037436273617;831.487001736718412;199.155604922819322;3.234393245437795;1.423153621778439;1.476255834950185;-0.457860713780024;0.889020198283240;0.002579500198680;-0.889016706319636;-0.457866765860548;0.002705661654597;0.003586455274164;-0.001054402594161;0.999993012762457;-2584.109379999999874;-4.441991810000000;116.257926999999995;552.554260999999997;0.000000000000000;682.049452999999971;0.000000000000000;552.554260999999997;238.769549000000012;0.000000000000000;0.000000000000000;1.000000000000000;-0.902959000000000;0.038697530000000;-0.427983000000000;0.429706000000000;0.091639360000000;-0.898307000000000;0.004458000000000;-0.995040300000000;-0.099374000000000;-2573.867000000000189;7.771065000000000;116.665099999999995
0000008479.png;23.390926916868263;car;26;557;-0.988801004940698;0.149239984749530;-0.149239983343158;-0.988801004728434;23.350663418886484;21.040327564533186;775.370699138963118;207.954383537624636;2.397327251418989;0.905835199953769;0.866524041755150;-0.458474769911539;0.888699250747045;0.003811440174244;-0.888692888605868;-0.458487583710880;0.003753042008405;0.005082823616840;-0.001666524706926;0.999985693697406;-2587.256840000000011;-11.382980300000000;115.680115000000001;552.554260999999997;0.000000000000000;682.049452999999971;0.000000000000000;552.554260999999997;238.769549000000012;0.000000000000000;0.000000000000000;1.000000000000000;-0.902959000000000;0.038697530000000;-0.427983000000000;0.429706000000000;0.091639360000000;-0.898307000000000;0.004458000000000;-0.995040300000000;-0.099374000000000;-2573.867000000000189;7.771065000000000;116.665099999999995
