ImageName;cameraToVehicleDistance(m);semanticName;semanticId;instanceId;ellipseRotationMatrixR11;ellipseRotationMatrixR12;ellipseRotationMatrixR21;ellipseRotationMatrixR22;a_axis(Semi-Major px);b_axis(Semi-Minor px);ellipseCenterX(px);ellipseCenterY(px);directionX;directionY;rotZ;rotY;rotX
0000008479.png;36.004680270630764;building;11;269;-0.997389755185888;-0.072205790974834;0.072205790974375;-0.997389755185854;236.658498764552689;118.172114354665354;1122.862188864255813;121.587772236355278;-0.999124797326669;0.041828690715136896;2.6974210526341404;-0.004457898590063022;-1.670336503063024
0000008479.png;35.695573964263296;building;11;270;-0.998498670962477;0.054775944412573;-0.054775944411454;-0.998498670962416;171.771519064156507;90.482718510160282;458.724220198942589;133.485562754422176;-0.9991164936290334;0.04202656491346627;2.6974210526341404;-0.004457898590063022;-1.670336503063024
0000008479.png;61.212836780060364;building;11;271;-0.999409157480678;0.034370567982486;-0.034370567987170;-0.999409157480839;88.007185285168589;55.342041699788979;576.250831900238495;151.137206961866980;0.9990284858882106;-0.04406908648825642;2.6974210526341404;-0.004457898590063022;-1.670336503063024
0000008479.png;64.034824024006753;building;11;272;-0.996457600188602;-0.084096676662911;0.084096676666629;-0.996457600188916;86.079675062935394;58.452940433278798;910.960734385905084;154.692164279134005;-0.9994132105223645;0.03425251280387944;2.6974210526341404;-0.004457898590063022;-1.670336503063024
0000008479.png;10.237448194728538;car;26;553;-0.985305711132733;-0.170800045272929;0.170800045694432;-0.985305711205799;69.658497974875672;48.843565257107514;558.495353832578303;238.571465333259908;0.031352729547744006;0.9995083823309869;2.6974210526341404;-0.004457898590063022;-1.670336503063024
0000008479.png;16.319735847308454;car;26;554;-0.987445724056013;-0.157958672478534;0.157958671947748;-0.987445723971105;37.813845771431602;32.328711729941375;620.462240010304299;218.050855760361429;0.03145653913319823;0.9995051206200805;2.6974210526341404;-0.004457898590063022;-1.670336503063024
0000008479.png;10.040955536787703;car;26;555;-0.973289961231098;0.229579292468293;-0.229579292112264;-0.973289961147118;69.106535703897748;49.167189298132314;897.912503378202359;245.381142871216412;0.03137042574467576;0.999507827077206;2.6974210526341404;-0.004457898590063022;-1.670336503063024
0000008479.png;15.944619611662421;car;26;556;-0.999112599566491;0.042119037549282;-0.042119038302031;-0.999112599598225;59.441506076567975;54.414037436273617;831.487001736718412;199.155604922819322;0.031413914159277995;0.9995064612083274;2.6974210526341404;-0.004457898590063022;-1.670336503063024
0000008479.png;23.390926916868263;car;26;557;-0.988801004940698;0.149239984749530;-0.149239983343158;-0.988801004728434;23.350663418886484;21.040327564533186;775.370699138963118;207.954383537624636;0.03210774698551935;0.999484413376974;2.6974210526341404;-0.004457898590063022;-1.670336503063024
